<?xml version="1.0" encoding="UTF-8"?>
<project-private xmlns="http://www.netbeans.org/ns/project-private/1">
    <editor-bookmarks xmlns="http://www.netbeans.org/ns/editor-bookmarks/2" lastBookmarkId="0"/>
    <open-files xmlns="http://www.netbeans.org/ns/projectui-open-files/2">
        <group>
            <file>file:/C:/Users/pabas/OneDrive/Desktop/Uni/EAD/EAD%20Codes/CW/src/cw/Login.java</file>
            <file>file:/C:/Users/pabas/OneDrive/Desktop/Uni/EAD/EAD%20Codes/CW/src/cw/Home.java</file>
            <file>file:/C:/Users/pabas/OneDrive/Desktop/Uni/EAD/EAD%20Codes/CW/src/cw/DBConnection.java</file>
            <file>file:/C:/Users/pabas/OneDrive/Desktop/Uni/EAD/EAD%20Codes/CW/src/cw/CW.java</file>
        </group>
    </open-files>
</project-private>
